1,2,3
0.000000000000000000e+00,0.000000000000000000e+00,5.000000000000000000e+00
3.003003003003002977e-02,6.005103341299227598e-02,5.000000000000000000e+00
6.006006006006005954e-02,1.200479167112752793e-01,5.000000000000000000e+00
9.009009009009008584e-02,1.799365486091899224e-01,5.000000000000000000e+00
1.201201201201201191e-01,2.396629254351465843e-01,5.000000000000000000e+00
1.501501501501501523e-01,2.991731898286223990e-01,5.000000000000000000e+00
1.801801801801801717e-01,3.584136793052246639e-01,5.000000000000000000e+00
2.102102102102102188e-01,4.173309746460280856e-01,5.000000000000000000e+00
2.402402402402402382e-01,4.758719480675499547e-01,5.000000000000000000e+00
2.702702702702702853e-01,5.339838111289293421e-01,5.000000000000000000e+00
3.003003003003003046e-01,5.916141623331078181e-01,5.000000000000000000e+00
3.303303303303303240e-01,6.487110343790903899e-01,5.000000000000000000e+00
3.603603603603603434e-01,7.052229410226756867e-01,5.000000000000000000e+00
3.903903903903903627e-01,7.610989235034020250e-01,5.000000000000000000e+00
4.204204204204204376e-01,8.162885964958408458e-01,5.000000000000000000e+00
4.504504504504504570e-01,8.707421935438054428e-01,5.000000000000000000e+00
4.804804804804804763e-01,9.244106119365033125e-01,5.000000000000000000e+00
5.105105105105105512e-01,9.772454569861654949e-01,5.000000000000000000e+00
5.405405405405405705e-01,1.029199085667227065e+00,5.000000000000000000e+00
5.705705705705705899e-01,1.080224649577707918e+00,5.000000000000000000e+00
6.006006006006006093e-01,1.130276137184053953e+00,5.000000000000000000e+00
6.306306306306306286e-01,1.179308415311343783e+00,5.000000000000000000e+00
6.606606606606606480e-01,1.227277269841448470e+00,5.000000000000000000e+00
6.906906906906906674e-01,1.274139445582448404e+00,5.000000000000000000e+00
7.207207207207206867e-01,1.319852685273349202e+00,5.000000000000000000e+00
7.507507507507507061e-01,1.364375767688931429e+00,5.000000000000000000e+00
7.807807807807807254e-01,1.407668544810368294e+00,5.000000000000000000e+00
8.108108108108108558e-01,1.449691978028097905e+00,5.000000000000000000e+00
8.408408408408408752e-01,1.490408173344300646e+00,5.000000000000000000e+00
8.708708708708708945e-01,1.529780415543240846e+00,5.000000000000000000e+00
9.009009009009009139e-01,1.567773201298660046e+00,5.000000000000000000e+00
9.309309309309309333e-01,1.604352271188365986e+00,5.000000000000000000e+00
9.609609609609609526e-01,1.639484640587150155e+00,5.000000000000000000e+00
9.909909909909909720e-01,1.673138629410177991e+00,5.000000000000000000e+00
1.021021021021021102e+00,1.705283890680026948e+00,5.000000000000000000e+00
1.051051051051051122e+00,1.735891437891615707e+00,5.000000000000000000e+00
1.081081081081081141e+00,1.764933671150350714e+00,5.000000000000000000e+00
1.111111111111111160e+00,1.792384402059912674e+00,5.000000000000000000e+00
1.141141141141141180e+00,1.818218877337250516e+00,5.000000000000000000e+00
1.171171171171171199e+00,1.842413801133479634e+00,5.000000000000000000e+00
1.201201201201201219e+00,1.864947356040564719e+00,5.000000000000000000e+00
1.231231231231231238e+00,1.885799222764836802e+00,5.000000000000000000e+00
1.261261261261261257e+00,1.904950598449611343e+00,5.000000000000000000e+00
1.291291291291291277e+00,1.922384213630380811e+00,5.000000000000000000e+00
1.321321321321321296e+00,1.938084347807293772e+00,5.000000000000000000e+00
1.351351351351351315e+00,1.952036843620879702e+00,5.000000000000000000e+00
1.381381381381381335e+00,1.964229119618233099e+00,5.000000000000000000e+00
1.411411411411411354e+00,1.974650181598150755e+00,5.000000000000000000e+00
1.441441441441441373e+00,1.983290632524985497e+00,5.000000000000000000e+00
1.471471471471471393e+00,1.990142681002283087e+00,5.000000000000000000e+00
1.501501501501501412e+00,1.995200148298555520e+00,5.000000000000000000e+00
1.531531531531531432e+00,1.998458473918859113e+00,5.000000000000000000e+00
1.561561561561561451e+00,1.999914719717152733e+00,5.000000000000000000e+00
1.591591591591591470e+00,1.999567572545725813e+00,5.000000000000000000e+00
1.621621621621621712e+00,1.997417345439310710e+00,5.000000000000000000e+00
1.651651651651651731e+00,1.993465977332807171e+00,5.000000000000000000e+00
1.681681681681681750e+00,1.987717031312878024e+00,5.000000000000000000e+00
1.711711711711711770e+00,1.980175691404988614e+00,5.000000000000000000e+00
1.741741741741741789e+00,1.970848757898790105e+00,5.000000000000000000e+00
1.771771771771771808e+00,1.959744641216061289e+00,5.000000000000000000e+00
1.801801801801801828e+00,1.946873354326736694e+00,5.000000000000000000e+00
1.831831831831831847e+00,1.932246503719862840e+00,5.000000000000000000e+00
1.861861861861861867e+00,1.915877278937620165e+00,5.000000000000000000e+00
1.891891891891891886e+00,1.897780440681853031e+00,5.000000000000000000e+00
1.921921921921921905e+00,1.877972307503829263e+00,5.000000000000000000e+00
1.951951951951951925e+00,1.856470741089231824e+00,5.000000000000000000e+00
1.981981981981981944e+00,1.833295130151653352e+00,5.000000000000000000e+00
2.012012012012012185e+00,1.808466372949115275e+00,5.000000000000000000e+00
2.042042042042042205e+00,1.782006858439378894e+00,5.000000000000000000e+00
2.072072072072072224e+00,1.753940446091040162e+00,5.000000000000000000e+00
2.102102102102102243e+00,1.724292444368612509e+00,5.000000000000000000e+00
2.132132132132132263e+00,1.693089587911000837e+00,5.000000000000000000e+00
2.162162162162162282e+00,1.660360013423943792e+00,5.000000000000000000e+00
2.192192192192192302e+00,1.626133234308162923e+00,5.000000000000000000e+00
2.222222222222222321e+00,1.590440114046098197e+00,5.000000000000000000e+00
2.252252252252252340e+00,1.553312838371228022e+00,5.000000000000000000e+00
2.282282282282282360e+00,1.514784886245068130e+00,5.000000000000000000e+00
2.312312312312312379e+00,1.474890999668023728e+00,5.000000000000000000e+00
2.342342342342342398e+00,1.433667152351312923e+00,5.000000000000000000e+00
2.372372372372372418e+00,1.391150517278214593e+00,5.000000000000000000e+00
2.402402402402402437e+00,1.347379433183891306e+00,5.000000000000000000e+00
2.432432432432432456e+00,1.302393369984012672e+00,5.000000000000000000e+00
2.462462462462462476e+00,1.256232893183351962e+00,5.000000000000000000e+00
2.492492492492492495e+00,1.208939627296455210e+00,5.000000000000000000e+00
2.522522522522522515e+00,1.160556218313361532e+00,5.000000000000000000e+00
2.552552552552552534e+00,1.111126295244223350e+00,5.000000000000000000e+00
2.582582582582582553e+00,1.060694430777504804e+00,5.000000000000000000e+00
2.612612612612612573e+00,1.009306101087231067e+00,5.000000000000000000e+00
2.642642642642642592e+00,9.570076448255334656e-01,5.000000000000000000e+00
2.672672672672672611e+00,9.038462213374678367e-01,5.000000000000000000e+00
2.702702702702702631e+00,8.498697681357856304e-01,5.000000000000000000e+00
2.732732732732732650e+00,7.951269576740046530e-01,5.000000000000000000e+00
2.762762762762762669e+00,7.396671534567562656e-01,5.000000000000000000e+00
2.792792792792792689e+00,6.835403655269896017e-01,5.000000000000000000e+00
2.822822822822822708e+00,6.267972053701683643e-01,5.000000000000000000e+00
2.852852852852852727e+00,5.694888402761261181e-01,5.000000000000000000e+00
2.882882882882882747e+00,5.116669471997340457e-01,5.000000000000000000e+00
2.912912912912912766e+00,4.533836661619848885e-01,5.000000000000000000e+00
2.942942942942942786e+00,3.946915532335148469e-01,5.000000000000000000e+00
2.972972972972972805e+00,3.356435331429584168e-01,5.000000000000000000e+00
3.003003003003002824e+00,2.762928515528718099e-01,5.000000000000000000e+00
3.033033033033032844e+00,2.166930270462587571e-01,5.000000000000000000e+00
3.063063063063062863e+00,1.568978028669947566e-01,5.000000000000000000e+00
3.093093093093092882e+00,9.696109845766624769e-02,5.000000000000000000e+00
3.123123123123122902e+00,3.693696083852586465e-02,5.000000000000000000e+00
3.153153153153152921e+00,-2.312048412859405919e-02,5.000000000000000000e+00
3.183183183183182940e+00,-8.315708054746191735e-02,5.000000000000000000e+00
3.213213213213213404e+00,-1.431186913217112888e-01,5.000000000000000000e+00
3.243243243243243423e+00,-2.029512469721484746e-01,5.000000000000000000e+00
3.273273273273273443e+00,-2.626007943930961375e-01,5.000000000000000000e+00
3.303303303303303462e+00,-3.220135455037898553e-01,5.000000000000000000e+00
3.333333333333333481e+00,-3.811359257509707721e-01,5.000000000000000000e+00
3.363363363363363501e+00,-4.399146224189317000e-01,5.000000000000000000e+00
3.393393393393393520e+00,-4.982966327034553666e-01,5.000000000000000000e+00
3.423423423423423539e+00,-5.562293115062948434e-01,5.000000000000000000e+00
3.453453453453453559e+00,-6.136604189070973270e-01,5.000000000000000000e+00
3.483483483483483578e+00,-6.705381672699658457e-01,5.000000000000000000e+00
3.513513513513513598e+00,-7.268112679421793176e-01,5.000000000000000000e+00
3.543543543543543617e+00,-7.824289775029630301e-01,-5.000000000000000000e+00
3.573573573573573636e+00,-8.373411435206030706e-01,-5.000000000000000000e+00
3.603603603603603656e+00,-8.914982497766468228e-01,-5.000000000000000000e+00
3.633633633633633675e+00,-9.448514609164064826e-01,-5.000000000000000000e+00
3.663663663663663694e+00,-9.973526664855048018e-01,-5.000000000000000000e+00
3.693693693693693714e+00,-1.048954524312752490e+00,-5.000000000000000000e+00
3.723723723723723733e+00,-1.099610503200237233e+00,-5.000000000000000000e+00
3.753753753753753752e+00,-1.149274924882131677e+00,-5.000000000000000000e+00
3.783783783783783772e+00,-1.197903005214380201e+00,-5.000000000000000000e+00
3.813813813813813791e+00,-1.245450894558127075e+00,-5.000000000000000000e+00
3.843843843843843811e+00,-1.291875717320466910e+00,-5.000000000000000000e+00
3.873873873873873830e+00,-1.337135610616865700e+00,-5.000000000000000000e+00
3.903903903903903849e+00,-1.381189762020385015e+00,-5.000000000000000000e+00
3.933933933933933869e+00,-1.423998446363674120e+00,-5.000000000000000000e+00
3.963963963963963888e+00,-1.465523061560540796e+00,-5.000000000000000000e+00
3.993993993993993907e+00,-1.505726163414800922e+00,-5.000000000000000000e+00
4.024024024024024371e+00,-1.544571499385019253e+00,-5.000000000000000000e+00
4.054054054054054390e+00,-1.582024041274689763e+00,-5.000000000000000000e+00
4.084084084084084409e+00,-1.618050016818387782e+00,-5.000000000000000000e+00
4.114114114114114429e+00,-1.652616940135399615e+00,-5.000000000000000000e+00
4.144144144144144448e+00,-1.685693641023375822e+00,-5.000000000000000000e+00
4.174174174174174468e+00,-1.717250293065592404e+00,-5.000000000000000000e+00
4.204204204204204487e+00,-1.747258440526472389e+00,-5.000000000000000000e+00
4.234234234234234506e+00,-1.775691024011116559e+00,-5.000000000000000000e+00
4.264264264264264526e+00,-1.802522404865705363e+00,-5.000000000000000000e+00
4.294294294294294545e+00,-1.827728388296769424e+00,-5.000000000000000000e+00
4.324324324324324564e+00,-1.851286245188478174e+00,-5.000000000000000000e+00
4.354354354354354584e+00,-1.873174732598279935e+00,-5.000000000000000000e+00
4.384384384384384603e+00,-1.893374112912403318e+00,-5.000000000000000000e+00
4.414414414414414622e+00,-1.911866171643954893e+00,-5.000000000000000000e+00
4.444444444444444642e+00,-1.928634233857556390e+00,-5.000000000000000000e+00
4.474474474474474661e+00,-1.943663179205718627e+00,-5.000000000000000000e+00
4.504504504504504681e+00,-1.956939455563385444e+00,-5.000000000000000000e+00
4.534534534534534700e+00,-1.968451091248358598e+00,-5.000000000000000000e+00
4.564564564564564719e+00,-1.978187705816582653e+00,-5.000000000000000000e+00
4.594594594594594739e+00,-1.986140519422552986e+00,-5.000000000000000000e+00
4.624624624624624758e+00,-1.992302360736409650e+00,-5.000000000000000000e+00
4.654654654654654777e+00,-1.996667673410576604e+00,-5.000000000000000000e+00
4.684684684684684797e+00,-1.999232521090113401e+00,-5.000000000000000000e+00
4.714714714714714816e+00,-1.999994590962264285e+00,-5.000000000000000000e+00
4.744744744744744835e+00,-1.998953195842002817e+00,-5.000000000000000000e+00
4.774774774774774855e+00,-1.996109274791690202e+00,-5.000000000000000000e+00
4.804804804804804874e+00,-1.991465392274289758e+00,-5.000000000000000000e+00
4.834834834834834894e+00,-1.985025735840900918e+00,-5.000000000000000000e+00
4.864864864864864913e+00,-1.976796112354699320e+00,-5.000000000000000000e+00
4.894894894894894932e+00,-1.966783942754683601e+00,-5.000000000000000000e+00
4.924924924924924952e+00,-1.954998255363957327e+00,-5.000000000000000000e+00
4.954954954954954971e+00,-1.941449677748573244e+00,-5.000000000000000000e+00
4.984984984984984990e+00,-1.926150427134285970e+00,-5.000000000000000000e+00
5.015015015015015010e+00,-1.909114299389853553e+00,-5.000000000000000000e+00
5.045045045045045029e+00,-1.890356656586819284e+00,-5.000000000000000000e+00
5.075075075075075048e+00,-1.869894413146996559e+00,-5.000000000000000000e+00
5.105105105105105068e+00,-1.847746020590142590e+00,-5.000000000000000000e+00
5.135135135135135087e+00,-1.823931450895579509e+00,-5.000000000000000000e+00
5.165165165165165106e+00,-1.798472178492761753e+00,-5.000000000000000000e+00
5.195195195195195126e+00,-1.771391160897034078e+00,-5.000000000000000000e+00
5.225225225225225145e+00,-1.742712818008036679e+00,-5.000000000000000000e+00
5.255255255255255165e+00,-1.712463010089429583e+00,-5.000000000000000000e+00
5.285285285285285184e+00,-1.680669014449789112e+00,-5.000000000000000000e+00
5.315315315315315203e+00,-1.647359500845705371e+00,-5.000000000000000000e+00
5.345345345345345223e+00,-1.612564505629262124e+00,-5.000000000000000000e+00
5.375375375375375242e+00,-1.576315404663207964e+00,-5.000000000000000000e+00
5.405405405405405261e+00,-1.538644885028245035e+00,-5.000000000000000000e+00
5.435435435435435281e+00,-1.499586915547946209e+00,-5.000000000000000000e+00
5.465465465465465300e+00,-1.459176716157881248e+00,-5.000000000000000000e+00
5.495495495495495319e+00,-1.417450726146568529e+00,-5.000000000000000000e+00
5.525525525525525339e+00,-1.374446571296897623e+00,-5.000000000000000000e+00
5.555555555555555358e+00,-1.330203029957644834e+00,-5.000000000000000000e+00
5.585585585585585378e+00,-1.284759998075682752e+00,-5.000000000000000000e+00
5.615615615615615397e+00,-1.238158453220409738e+00,-5.000000000000000000e+00
5.645645645645645416e+00,-1.190440417632845360e+00,-5.000000000000000000e+00
5.675675675675675436e+00,-1.141648920332706485e+00,-5.000000000000000000e+00
5.705705705705705455e+00,-1.091827958317638458e+00,-5.000000000000000000e+00
5.735735735735735474e+00,-1.041022456889583392e+00,-5.000000000000000000e+00
5.765765765765765494e+00,-9.892782291440677112e-01,-5.000000000000000000e+00
5.795795795795795513e+00,-9.366419346589321959e-01,-5.000000000000000000e+00
5.825825825825825532e+00,-8.831610374197611524e-01,-5.000000000000000000e+00
5.855855855855855552e+00,-8.288837630199484829e-01,-5.000000000000000000e+00
5.885885885885885571e+00,-7.738590551739952250e-01,-5.000000000000000000e+00
5.915915915915915591e+00,-7.181365315832524132e-01,-5.000000000000000000e+00
5.945945945945945610e+00,-6.617664391939060975e-01,-5.000000000000000000e+00
5.975975975975975629e+00,-6.047996088875510212e-01,-5.000000000000000000e+00
6.006006006006005649e+00,-5.472874096452087223e-01,-5.000000000000000000e+00
6.036036036036035668e+00,-4.892817022261226612e-01,-5.000000000000000000e+00
6.066066066066065687e+00,-4.308347924030999643e-01,-5.000000000000000000e+00
6.096096096096095707e+00,-3.719993837965689387e-01,-5.000000000000000000e+00
6.126126126126125726e+00,-3.128285303498829495e-01,-5.000000000000000000e+00
6.156156156156155745e+00,-2.533755884887265997e-01,-5.000000000000000000e+00
6.186186186186185765e+00,-1.936941690077625677e-01,-5.000000000000000000e+00
6.216216216216215784e+00,-1.338380887279051745e-01,-5.000000000000000000e+00
6.246246246246245803e+00,-7.386132196781282355e-02,-5.000000000000000000e+00
6.276276276276275823e+00,-1.381795187335939368e-02,-5.000000000000000000e+00
6.306306306306305842e+00,4.623787835102791816e-02,-5.000000000000000000e+00
6.336336336336335862e+00,1.062520142651874333e-01,-5.000000000000000000e+00
6.366366366366365881e+00,1.661703390261735913e-01,-5.000000000000000000e+00
6.396396396396395900e+00,2.259388221873048219e-01,-5.000000000000000000e+00
6.426426426426426808e+00,2.855035684193066303e-01,-5.000000000000000000e+00
6.456456456456456827e+00,3.448108661096056515e-01,-5.000000000000000000e+00
6.486486486486486847e+00,4.038072357959780478e-01,-5.000000000000000000e+00
6.516516516516516866e+00,4.624394783908414297e-01,-5.000000000000000000e+00
6.546546546546546885e+00,5.206547231527326458e-01,-5.000000000000000000e+00
6.576576576576576905e+00,5.784004753617023598e-01,-5.000000000000000000e+00
6.606606606606606924e+00,6.356246636556378560e-01,-5.000000000000000000e+00
6.636636636636636943e+00,6.922756869848295525e-01,-5.000000000000000000e+00
6.666666666666666963e+00,7.483024611424399231e-01,-5.000000000000000000e+00
6.696696696696696982e+00,8.036544648289175585e-01,5.000000000000000000e+00
6.726726726726727001e+00,8.582817852088181487e-01,5.000000000000000000e+00
6.756756756756757021e+00,9.121351629189514698e-01,5.000000000000000000e+00
6.786786786786787040e+00,9.651660364872706177e-01,5.000000000000000000e+00
6.816816816816817060e+00,1.017326586122447196e+00,5.000000000000000000e+00
6.846846846846847079e+00,1.068569776834648044e+00,5.000000000000000000e+00
6.876876876876877098e+00,1.118849400848628939e+00,5.000000000000000000e+00
6.906906906906907118e+00,1.168120119270899870e+00,5.000000000000000000e+00
6.936936936936937137e+00,1.216337502973388274e+00,5.000000000000000000e+00
6.966966966966967156e+00,1.263458072656737041e+00,5.000000000000000000e+00
6.996996996996997176e+00,1.309439338057107438e+00,5.000000000000000000e+00
7.027027027027027195e+00,1.354239836261133645e+00,5.000000000000000000e+00
7.057057057057057214e+00,1.397819169094481673e+00,5.000000000000000000e+00
7.087087087087087234e+00,1.440138039550292959e+00,5.000000000000000000e+00
7.117117117117117253e+00,1.481158287224669357e+00,5.000000000000000000e+00
7.147147147147147273e+00,1.520842922727241753e+00,5.000000000000000000e+00
7.177177177177177292e+00,1.559156161035796240e+00,5.000000000000000000e+00
7.207207207207207311e+00,1.596063453764878570e+00,5.000000000000000000e+00
7.237237237237237331e+00,1.631531520319279505e+00,5.000000000000000000e+00
7.267267267267267350e+00,1.665528377904311519e+00,5.000000000000000000e+00
7.297297297297297369e+00,1.698023370365811191e+00,5.000000000000000000e+00
7.327327327327327389e+00,1.728987195833864288e+00,5.000000000000000000e+00
7.357357357357357408e+00,1.758391933145326380e+00,5.000000000000000000e+00
7.387387387387387427e+00,1.786211067021310273e+00,5.000000000000000000e+00
7.417417417417417447e+00,1.812419511976939290e+00,5.000000000000000000e+00
7.447447447447447466e+00,1.836993634941805897e+00,5.000000000000000000e+00
7.477477477477477485e+00,1.859911276570736405e+00,5.000000000000000000e+00
7.507507507507507505e+00,1.881151771225647362e+00,5.000000000000000000e+00
7.537537537537537524e+00,1.900695965610472271e+00,5.000000000000000000e+00
7.567567567567567544e+00,1.918526236042358502e+00,5.000000000000000000e+00
7.597597597597597563e+00,1.934626504343557762e+00,5.000000000000000000e+00
7.627627627627627582e+00,1.948982252339680699e+00,5.000000000000000000e+00
7.657657657657657602e+00,1.961580534951241628e+00,5.000000000000000000e+00
7.687687687687687621e+00,1.972409991866689083e+00,5.000000000000000000e+00
7.717717717717717640e+00,1.981460857786395691e+00,5.000000000000000000e+00
7.747747747747747660e+00,1.988724971228369887e+00,5.000000000000000000e+00
7.777777777777777679e+00,1.994195781887749597e+00,5.000000000000000000e+00
7.807807807807807698e+00,1.997868356543440749e+00,5.000000000000000000e+00
7.837837837837837718e+00,1.999739383506574875e+00,5.000000000000000000e+00
7.867867867867867737e+00,1.999807175606775012e+00,5.000000000000000000e+00
7.897897897897897757e+00,1.998071671713536501e+00,5.000000000000000000e+00
7.927927927927927776e+00,1.994534436791349119e+00,5.000000000000000000e+00
7.957957957957957795e+00,1.989198660488515680e+00,5.000000000000000000e+00
7.987987987987987815e+00,1.982069154260933441e+00,5.000000000000000000e+00
8.018018018018018722e+00,1.973152347033436893e+00,5.000000000000000000e+00
8.048048048048048742e+00,1.962456279402611470e+00,5.000000000000000000e+00
8.078078078078078761e+00,1.949990596386306896e+00,5.000000000000000000e+00
8.108108108108108780e+00,1.935766538726386932e+00,5.000000000000000000e+00
8.138138138138138800e+00,1.919796932752560359e+00,5.000000000000000000e+00
8.168168168168168819e+00,1.902096178816431671e+00,5.000000000000000000e+00
8.198198198198198838e+00,1.882680238306200016e+00,5.000000000000000000e+00
8.228228228228228858e+00,1.861566619253719024e+00,5.000000000000000000e+00
8.258258258258258877e+00,1.838774360546891584e+00,5.000000000000000000e+00
8.288288288288288896e+00,1.814324014761640402e+00,5.000000000000000000e+00
8.318318318318318916e+00,1.788237629628932401e+00,5.000000000000000000e+00
8.348348348348348935e+00,1.760538728153568266e+00,5.000000000000000000e+00
8.378378378378378954e+00,1.731252287402668566e+00,5.000000000000000000e+00
8.408408408408408974e+00,1.700404715982979376e+00,5.000000000000000000e+00
8.438438438438438993e+00,1.668023830227308713e+00,5.000000000000000000e+00
8.468468468468469013e+00,1.634138829111567270e+00,5.000000000000000000e+00
8.498498498498499032e+00,1.598780267925032694e+00,5.000000000000000000e+00
8.528528528528529051e+00,1.561980030717576851e+00,5.000000000000000000e+00
8.558558558558559071e+00,1.523771301548704660e+00,5.000000000000000000e+00
8.588588588588589090e+00,1.484188534564328643e+00,5.000000000000000000e+00
8.618618618618619109e+00,1.443267422928260935e+00,5.000000000000000000e+00
8.648648648648649129e+00,1.401044866636441455e+00,5.000000000000000000e+00
8.678678678678679148e+00,1.357558939242922147e+00,5.000000000000000000e+00
8.708708708708709167e+00,1.312848853527612825e+00,5.000000000000000000e+00
8.738738738738739187e+00,1.266954926136748760e+00,5.000000000000000000e+00
8.768768768768769206e+00,1.219918541227960729e+00,5.000000000000000000e+00
8.798798798798799226e+00,1.171782113152735505e+00,5.000000000000000000e+00
8.828828828828829245e+00,1.122589048209912788e+00,5.000000000000000000e+00
8.858858858858859264e+00,1.072383705504709850e+00,5.000000000000000000e+00
8.888888888888889284e+00,1.021211356948565907e+00,5.000000000000000000e+00
8.918918918918919303e+00,9.691181464358780140e-01,5.000000000000000000e+00
8.948948948948949322e+00,9.161510482344400463e-01,5.000000000000000000e+00
8.978978978978979342e+00,8.623578246271039749e-01,5.000000000000000000e+00
9.009009009009009361e+00,8.077869828428609900e-01,5.000000000000000000e+00
9.039039039039039380e+00,7.524877313161784098e-01,5.000000000000000000e+00
9.069069069069069400e+00,6.965099353140351557e-01,5.000000000000000000e+00
9.099099099099099419e+00,6.399040719706688973e-01,5.000000000000000000e+00
9.129129129129129439e+00,5.827211847705801029e-01,5.000000000000000000e+00
9.159159159159159458e+00,5.250128375208392706e-01,5.000000000000000000e+00
9.189189189189189477e+00,4.668310678542005876e-01,5.000000000000000000e+00
9.219219219219219497e+00,4.082283403049506432e-01,5.000000000000000000e+00
9.249249249249249516e+00,3.492574989998048496e-01,5.000000000000000000e+00
9.279279279279279535e+00,2.899717200065122791e-01,5.000000000000000000e+00
9.309309309309309555e+00,2.304244633831378786e-01,5.000000000000000000e+00
9.339339339339339574e+00,1.706694249712602807e-01,5.000000000000000000e+00
9.369369369369369593e+00,1.107604879765556327e-01,5.000000000000000000e+00
9.399399399399399613e+00,5.075167438042873375e-02,5.000000000000000000e+00
9.429429429429429632e+00,-9.302903773494991535e-03,5.000000000000000000e+00
9.459459459459459651e+00,-6.934909317408953500e-02,5.000000000000000000e+00
9.489489489489489671e+00,-1.293327480746608305e-01,5.000000000000000000e+00
9.519519519519519690e+00,-1.891997791180581312e-01,5.000000000000000000e+00
9.549549549549549710e+00,-2.488962021109369926e-01,5.000000000000000000e+00
9.579579579579579729e+00,-3.083681867031922152e-01,5.000000000000000000e+00
9.609609609609609748e+00,-3.675621049286652564e-01,5.000000000000000000e+00
9.639639639639639768e+00,-4.264245795633547220e-01,5.000000000000000000e+00
9.669669669669669787e+00,-4.849025322575240549e-01,5.000000000000000000e+00
9.699699699699699806e+00,-5.429432313983035829e-01,5.000000000000000000e+00
9.729729729729729826e+00,-6.004943396596282845e-01,5.000000000000000000e+00
9.759759759759759845e+00,-6.575039611966331243e-01,5.000000000000000000e+00
9.789789789789789864e+00,-7.139206884419486698e-01,5.000000000000000000e+00
9.819819819819819884e+00,-7.696936484617017404e-01,-5.000000000000000000e+00
9.849849849849849903e+00,-8.247725488294159746e-01,-5.000000000000000000e+00
9.879879879879879923e+00,-8.791077229764503453e-01,-5.000000000000000000e+00
9.909909909909909942e+00,-9.326501749780791162e-01,-5.000000000000000000e+00
9.939939939939939961e+00,-9.853516237348285411e-01,-5.000000000000000000e+00
9.969969969969969981e+00,-1.037164546509231400e+00,-5.000000000000000000e+00
1.000000000000000000e+01,-1.088042221778739549e+00,-5.000000000000000000e+00
1.003003003003003002e+01,-1.137938771366152624e+00,-5.000000000000000000e+00
1.006006006006006004e+01,-1.186809201809573278e+00,-5.000000000000000000e+00
1.009009009009009006e+01,-1.234609444934583689e+00,-5.000000000000000000e+00
1.012012012012012008e+01,-1.281296397592058822e+00,-5.000000000000000000e+00
1.015015015015015010e+01,-1.326827960525779782e+00,-5.000000000000000000e+00
1.018018018018018012e+01,-1.371163076334805941e+00,-5.000000000000000000e+00
1.021021021021021014e+01,-1.414261766496366368e+00,-5.000000000000000000e+00
1.024024024024024015e+01,-1.456085167415891446e+00,-5.000000000000000000e+00
1.027027027027027017e+01,-1.496595565471672717e+00,-5.000000000000000000e+00
1.030030030030030019e+01,-1.535756431022553992e+00,-5.000000000000000000e+00
1.033033033033033021e+01,-1.573532451347984695e+00,-5.000000000000000000e+00
1.036036036036036023e+01,-1.609889562490733228e+00,-5.000000000000000000e+00
1.039039039039039025e+01,-1.644794979973547733e+00,-5.000000000000000000e+00
1.042042042042042027e+01,-1.678217228362064661e+00,-5.000000000000000000e+00
1.045045045045045029e+01,-1.710126169647306904e+00,-5.000000000000000000e+00
1.048048048048048031e+01,-1.740493030422179510e+00,-5.000000000000000000e+00
1.051051051051051033e+01,-1.769290427827457046e+00,-5.000000000000000000e+00
1.054054054054054035e+01,-1.796492394243862645e+00,-5.000000000000000000e+00
1.057057057057057037e+01,-1.822074400707979214e+00,-5.000000000000000000e+00
1.060060060060060039e+01,-1.846013379030871482e+00,-5.000000000000000000e+00
1.063063063063063041e+01,-1.868287742599478163e+00,-5.000000000000000000e+00
1.066066066066066043e+01,-1.888877405842015245e+00,-5.000000000000000000e+00
1.069069069069069045e+01,-1.907763802339838222e+00,-5.000000000000000000e+00
1.072072072072072046e+01,-1.924929901569429003e+00,-5.000000000000000000e+00
1.075075075075075048e+01,-1.940360224259415123e+00,-5.000000000000000000e+00
1.078078078078078050e+01,-1.954040856348769672e+00,-5.000000000000000000e+00
1.081081081081081052e+01,-1.965959461533604680e+00,-5.000000000000000000e+00
1.084084084084084054e+01,-1.976105292391249435e+00,-5.000000000000000000e+00
1.087087087087087056e+01,-1.984469200071575345e+00,-5.000000000000000000e+00
1.090090090090090058e+01,-1.991043642546833858e+00,-5.000000000000000000e+00
1.093093093093093060e+01,-1.995822691412567185e+00,-5.000000000000000000e+00
1.096096096096096062e+01,-1.998802037233457396e+00,-5.000000000000000000e+00
1.099099099099099064e+01,-1.999978993429294416e+00,-5.000000000000000000e+00
1.102102102102102066e+01,-1.999352498697559488e+00,-5.000000000000000000e+00
1.105105105105105068e+01,-1.996923117970438755e+00,-5.000000000000000000e+00
1.108108108108108070e+01,-1.992693041905404083e+00,-5.000000000000000000e+00
1.111111111111111072e+01,-1.986666084909821217e+00,-5.000000000000000000e+00
1.114114114114114074e+01,-1.978847681701364269e+00,-5.000000000000000000e+00
1.117117117117117076e+01,-1.969244882407342079e+00,-5.000000000000000000e+00
1.120120120120120077e+01,-1.957866346207351782e+00,-5.000000000000000000e+00
1.123123123123123079e+01,-1.944722333524993241e+00,-5.000000000000000000e+00
1.126126126126126081e+01,-1.929824696775687798e+00,-5.000000000000000000e+00
1.129129129129129083e+01,-1.913186869678941138e+00,-5.000000000000000000e+00
1.132132132132132085e+01,-1.894823855144687874e+00,-5.000000000000000000e+00
1.135135135135135087e+01,-1.874752211744645125e+00,-5.000000000000000000e+00
1.138138138138138089e+01,-1.852990038780868653e+00,-5.000000000000000000e+00
1.141141141141141091e+01,-1.829556959964980578e+00,-5.000000000000000000e+00
1.144144144144144093e+01,-1.804474105722783328e+00,-5.000000000000000000e+00
1.147147147147147095e+01,-1.777764094140215523e+00,-5.000000000000000000e+00
1.150150150150150097e+01,-1.749451010567834697e+00,-5.000000000000000000e+00
1.153153153153153099e+01,-1.719560385902214383e+00,-5.000000000000000000e+00
1.156156156156156101e+01,-1.688119173563843445e+00,-5.000000000000000000e+00
1.159159159159159103e+01,-1.655155725192285265e+00,-5.000000000000000000e+00
1.162162162162162105e+01,-1.620699765080513499e+00,-5.000000000000000000e+00
1.165165165165165106e+01,-1.584782363371478597e+00,-5.000000000000000000e+00
1.168168168168168108e+01,-1.547435908041074448e+00,-5.000000000000000000e+00
1.171171171171171110e+01,-1.508694075692770253e+00,-5.000000000000000000e+00
1.174174174174174112e+01,-1.468591801190238355e+00,-5.000000000000000000e+00
1.177177177177177114e+01,-1.427165246155369882e+00,-5.000000000000000000e+00
1.180180180180180116e+01,-1.384451766360074609e+00,-5.000000000000000000e+00
1.183183183183183118e+01,-1.340489878041277949e+00,-5.000000000000000000e+00
1.186186186186186120e+01,-1.295319223169484113e+00,-5.000000000000000000e+00
1.189189189189189122e+01,-1.248980533702226170e+00,-5.000000000000000000e+00
1.192192192192192124e+01,-1.201515594854637436e+00,-5.000000000000000000e+00
1.195195195195195126e+01,-1.152967207420262596e+00,-5.000000000000000000e+00
1.198198198198198128e+01,-1.103379149176087592e+00,-5.000000000000000000e+00
1.201201201201201130e+01,-1.052796135406588007e+00,-5.000000000000000000e+00
1.204204204204204132e+01,-1.001263778582396125e+00,-5.000000000000000000e+00
1.207207207207207134e+01,-9.488285472299409218e-01,-5.000000000000000000e+00
1.210210210210210136e+01,-8.955377240291561014e-01,-5.000000000000000000e+00
1.213213213213213137e+01,-8.414393631770349380e-01,-5.000000000000000000e+00
1.216216216216216139e+01,-7.865822470554819645e-01,-5.000000000000000000e+00
1.219219219219219141e+01,-7.310158422425356850e-01,-5.000000000000000000e+00
1.222222222222222143e+01,-6.747902549066261413e-01,-5.000000000000000000e+00
1.225225225225225145e+01,-6.179561856240931572e-01,-5.000000000000000000e+00
1.228228228228228147e+01,-5.605648836607050045e-01,-5.000000000000000000e+00
1.231231231231231149e+01,-5.026681007584051786e-01,-5.000000000000000000e+00
1.234234234234234151e+01,-4.443180444689588948e-01,-5.000000000000000000e+00
1.237237237237237153e+01,-3.855673310765794781e-01,-5.000000000000000000e+00
1.240240240240240155e+01,-3.264689381519869649e-01,-5.000000000000000000e+00
1.243243243243243157e+01,-2.670761567806818060e-01,-5.000000000000000000e+00
1.246246246246246159e+01,-2.074425435085112124e-01,-5.000000000000000000e+00
1.249249249249249161e+01,-1.476218720478609248e-01,-5.000000000000000000e+00
1.252252252252252163e+01,-8.766808478802011473e-02,-5.000000000000000000e+00
1.255255255255255165e+01,-2.763524415344443402e-02,-5.000000000000000000e+00
1.258258258258258167e+01,3.242251614622070066e-02,-5.000000000000000000e+00
1.261261261261261168e+01,9.245103993039731349e-02,-5.000000000000000000e+00
1.264264264264264170e+01,1.523961973820948113e-01,-5.000000000000000000e+00
1.267267267267267172e+01,2.122039338586569901e-01,-5.000000000000000000e+00
1.270270270270270174e+01,2.718203186347217803e-01,-5.000000000000000000e+00
1.273273273273273176e+01,3.311915935334401873e-01,-5.000000000000000000e+00
1.276276276276276178e+01,3.902642214021027067e-01,-5.000000000000000000e+00
1.279279279279279180e+01,4.489849343884599331e-01,-5.000000000000000000e+00
1.282282282282282360e+01,5.073007819742093583e-01,-5.000000000000000000e+00
1.285285285285285362e+01,5.651591787223140262e-01,-5.000000000000000000e+00
1.288288288288288364e+01,6.225079516951483871e-01,-5.000000000000000000e+00
1.291291291291291365e+01,6.792953875006455533e-01,-5.000000000000000000e+00
1.294294294294294367e+01,7.354702789240726846e-01,-5.000000000000000000e+00
1.297297297297297369e+01,7.909819711033652112e-01,5.000000000000000000e+00
1.300300300300300371e+01,8.457804072063860312e-01,5.000000000000000000e+00
1.303303303303303373e+01,8.998161735689198526e-01,5.000000000000000000e+00
1.306306306306306375e+01,9.530405442526996840e-01,5.000000000000000000e+00
1.309309309309309377e+01,1.005405524983288501e+00,5.000000000000000000e+00
1.312312312312312379e+01,1.056863896428192673e+00,5.000000000000000000e+00
1.315315315315315381e+01,1.107369256776184141e+00,5.000000000000000000e+00
1.318318318318318383e+01,1.156876063579433733e+00,5.000000000000000000e+00
1.321321321321321385e+01,1.205339674820728790e+00,5.000000000000000000e+00
1.324324324324324387e+01,1.252716389168738065e+00,5.000000000000000000e+00
1.327327327327327389e+01,1.298963485385030481e+00,5.000000000000000000e+00
1.330330330330330391e+01,1.344039260847306849e+00,5.000000000000000000e+00
1.333333333333333393e+01,1.387903069154112323e+00,5.000000000000000000e+00
1.336336336336336394e+01,1.430515356777115832e+00,5.000000000000000000e+00
1.339339339339339396e+01,1.471837698727909149e+00,5.000000000000000000e+00
1.342342342342342398e+01,1.511832833207160443e+00,5.000000000000000000e+00
1.345345345345345400e+01,1.550464695204881282e+00,5.000000000000000000e+00
1.348348348348348402e+01,1.587698449021505587e+00,5.000000000000000000e+00
1.351351351351351404e+01,1.623500519680457055e+00,5.000000000000000000e+00
1.354354354354354406e+01,1.657838623203878203e+00,5.000000000000000000e+00
1.357357357357357408e+01,1.690681795724221503e+00,5.000000000000000000e+00
1.360360360360360410e+01,1.722000421405450510e+00,5.000000000000000000e+00
1.363363363363363412e+01,1.751766259148673122e+00,5.000000000000000000e+00
1.366366366366366414e+01,1.779952468058128012e+00,5.000000000000000000e+00
1.369369369369369416e+01,1.806533631644557270e+00,5.000000000000000000e+00
1.372372372372372418e+01,1.831485780744142700e+00,5.000000000000000000e+00
1.375375375375375420e+01,1.854786415132338995e+00,5.000000000000000000e+00
1.378378378378378422e+01,1.876414523813111135e+00,5.000000000000000000e+00
1.381381381381381424e+01,1.896350603965284876e+00,5.000000000000000000e+00
1.384384384384384425e+01,1.914576678528920661e+00,5.000000000000000000e+00
1.387387387387387427e+01,1.931076312415856977e+00,5.000000000000000000e+00
1.390390390390390429e+01,1.945834627329803945e+00,5.000000000000000000e+00
1.393393393393393431e+01,1.958838315182622303e+00,5.000000000000000000e+00
1.396396396396396433e+01,1.970075650094692099e+00,5.000000000000000000e+00
1.399399399399399435e+01,1.979536498968546887e+00,5.000000000000000000e+00
1.402402402402402437e+01,1.987212330626242807e+00,5.000000000000000000e+00
1.405405405405405439e+01,1.993096223502219155e+00,5.000000000000000000e+00
1.408408408408408441e+01,1.997182871884716215e+00,5.000000000000000000e+00
1.411411411411411443e+01,1.999468590700120396e+00,5.000000000000000000e+00
1.414414414414414445e+01,1.999951318835924585e+00,5.000000000000000000e+00
1.417417417417417447e+01,1.998630620999304330e+00,5.000000000000000000e+00
1.420420420420420449e+01,1.995507688109637634e+00,5.000000000000000000e+00
1.423423423423423451e+01,1.990585336224610646e+00,5.000000000000000000e+00
1.426426426426426453e+01,1.983868004000880036e+00,5.000000000000000000e+00
1.429429429429429455e+01,1.975361748691582209e+00,5.000000000000000000e+00
1.432432432432432456e+01,1.965074240684294926e+00,5.000000000000000000e+00
1.435435435435435458e+01,1.953014756584382061e+00,5.000000000000000000e+00
1.438438438438438460e+01,1.939194170849954491e+00,5.000000000000000000e+00
1.441441441441441462e+01,1.923624945985990209e+00,5.000000000000000000e+00
1.444444444444444464e+01,1.906321121306459698e+00,5.000000000000000000e+00
1.447447447447447466e+01,1.887298300274584895e+00,5.000000000000000000e+00
1.450450450450450468e+01,1.866573636432651950e+00,5.000000000000000000e+00
1.453453453453453470e+01,1.844165817934062312e+00,5.000000000000000000e+00
1.456456456456456472e+01,1.820095050691572514e+00,5.000000000000000000e+00
1.459459459459459474e+01,1.794383040156916964e+00,5.000000000000000000e+00
1.462462462462462476e+01,1.767052971748242607e+00,5.000000000000000000e+00
1.465465465465465478e+01,1.738129489943008421e+00,5.000000000000000000e+00
1.468468468468468480e+01,1.707638676055199367e+00,5.000000000000000000e+00
1.471471471471471482e+01,1.675608024716893185e+00,5.000000000000000000e+00
1.474474474474474484e+01,1.642066419085391749e+00,5.000000000000000000e+00
1.477477477477477485e+01,1.607044104798267536e+00,5.000000000000000000e+00
1.480480480480480487e+01,1.570572662699816879e+00,5.000000000000000000e+00
1.483483483483483489e+01,1.532684980363508087e+00,5.000000000000000000e+00
1.486486486486486491e+01,1.493415222436108802e+00,5.000000000000000000e+00
1.489489489489489493e+01,1.452798799830230081e+00,5.000000000000000000e+00
1.492492492492492495e+01,1.410872337793068754e+00,5.000000000000000000e+00
1.495495495495495497e+01,1.367673642880143259e+00,5.000000000000000000e+00
1.498498498498498499e+01,1.323241668863801346e+00,5.000000000000000000e+00
1.501501501501501501e+01,1.277616481607243060e+00,5.000000000000000000e+00
1.504504504504504503e+01,1.230839222935732336e+00,5.000000000000000000e+00
1.507507507507507505e+01,1.182952073537574700e+00,5.000000000000000000e+00
1.510510510510510507e+01,1.133998214928318760e+00,5.000000000000000000e+00
1.513513513513513509e+01,1.084021790512473382e+00,5.000000000000000000e+00
1.516516516516516511e+01,1.033067865777859584e+00,5.000000000000000000e+00
1.519519519519519513e+01,9.811823876584835347e-01,5.000000000000000000e+00
1.522522522522522515e+01,9.284121431025832427e-01,5.000000000000000000e+00
1.525525525525525516e+01,8.748047168832013831e-01,5.000000000000000000e+00
1.528528528528528518e+01,8.204084486893334915e-01,5.000000000000000000e+00
1.531531531531531520e+01,7.652723895363418016e-01,5.000000000000000000e+00
1.534534534534534522e+01,7.094462575349407274e-01,5.000000000000000000e+00
1.537537537537537524e+01,6.529803930586399741e-01,5.000000000000000000e+00
1.540540540540540526e+01,5.959257133500709402e-01,5.000000000000000000e+00
1.543543543543543528e+01,5.383336666071298904e-01,5.000000000000000000e+00
1.546546546546546530e+01,4.802561855903413890e-01,5.000000000000000000e+00
1.549549549549549532e+01,4.217456407932728135e-01,5.000000000000000000e+00
1.552552552552552534e+01,3.628547932182316083e-01,5.000000000000000000e+00
1.555555555555555536e+01,3.036367467998258851e-01,5.000000000000000000e+00
1.558558558558558538e+01,2.441449005192915800e-01,5.000000000000000000e+00
1.561561561561561540e+01,1.844329002527654027e-01,5.000000000000000000e+00
1.564564564564564542e+01,1.245545903969243196e-01,5.000000000000000000e+00
1.567567567567567544e+01,6.456396531561203744e-02,5.000000000000000000e+00
1.570570570570570545e+01,4.515120651234779715e-03,5.000000000000000000e+00
1.573573573573573547e+01,-5.553779545516927818e-02,5.000000000000000000e+00
1.576576576576576549e+01,-1.155406311912004630e-01,5.000000000000000000e+00
1.579579579579579551e+01,-1.754392799036785799e-01,5.000000000000000000e+00
1.582582582582582553e+01,-2.351797288885024151e-01,5.000000000000000000e+00
1.585585585585585555e+01,-2.947081080957917876e-01,5.000000000000000000e+00
1.588588588588588557e+01,-3.539707387063936728e-01,5.000000000000000000e+00
1.591591591591591559e+01,-4.129141815359484990e-01,5.000000000000000000e+00
1.594594594594594561e+01,-4.714852852228698099e-01,5.000000000000000000e+00
1.597597597597597563e+01,-5.296312341567834814e-01,5.000000000000000000e+00
1.600600600600600742e+01,-5.872995961042126734e-01,5.000000000000000000e+00
1.603603603603603744e+01,-6.444383694885402747e-01,5.000000000000000000e+00
1.606606606606606746e+01,-7.009960302816679034e-01,5.000000000000000000e+00
1.609609609609609748e+01,-7.569215784650185075e-01,-5.000000000000000000e+00
1.612612612612612750e+01,-8.121645840180382603e-01,-5.000000000000000000e+00
1.615615615615615752e+01,-8.666752323927072732e-01,-5.000000000000000000e+00
1.618618618618618754e+01,-9.204043694330585890e-01,-5.000000000000000000e+00
1.621621621621621756e+01,-9.733035456991974144e-01,-5.000000000000000000e+00
1.624624624624624758e+01,-1.025325060155853674e+00,-5.000000000000000000e+00
1.627627627627627760e+01,-1.076422003186072063e+00,-5.000000000000000000e+00
1.630630630630630762e+01,-1.126548298891252076e+00,-5.000000000000000000e+00
1.633633633633633764e+01,-1.175658746639396179e+00,-5.000000000000000000e+00
1.636636636636636766e+01,-1.223709061824097999e+00,-5.000000000000000000e+00
1.639639639639639768e+01,-1.270655915797519464e+00,-5.000000000000000000e+00
1.642642642642642770e+01,-1.316456974941345948e+00,-5.000000000000000000e+00
1.645645645645645772e+01,-1.361070938840488909e+00,-5.000000000000000000e+00
1.648648648648648773e+01,-1.404457577525113576e+00,-5.000000000000000000e+00
1.651651651651651775e+01,-1.446577767747406984e+00,-5.000000000000000000e+00
1.654654654654654777e+01,-1.487393528260378517e+00,-5.000000000000000000e+00
1.657657657657657779e+01,-1.526868054066876201e+00,-5.000000000000000000e+00
1.660660660660660781e+01,-1.564965749607939438e+00,-5.000000000000000000e+00
1.663663663663663783e+01,-1.601652260860557009e+00,-5.000000000000000000e+00
1.666666666666666785e+01,-1.636894506315890174e+00,-5.000000000000000000e+00
1.669669669669669787e+01,-1.670660706810025875e+00,-5.000000000000000000e+00
1.672672672672672789e+01,-1.702920414180356889e+00,-5.000000000000000000e+00
1.675675675675675791e+01,-1.733644538721755834e+00,-5.000000000000000000e+00
1.678678678678678793e+01,-1.762805375417777709e+00,-5.000000000000000000e+00
1.681681681681681795e+01,-1.790376628923240787e+00,-5.000000000000000000e+00
1.684684684684684797e+01,-1.816333437275658103e+00,-5.000000000000000000e+00
1.687687687687687799e+01,-1.840652394314138629e+00,-5.000000000000000000e+00
1.690690690690690801e+01,-1.863311570785538329e+00,-5.000000000000000000e+00
1.693693693693693803e+01,-1.884290534118835625e+00,-5.000000000000000000e+00
1.696696696696696804e+01,-1.903570366849893558e+00,-5.000000000000000000e+00
1.699699699699699806e+01,-1.921133683679998372e+00,-5.000000000000000000e+00
1.702702702702702808e+01,-1.936964647152790153e+00,-5.000000000000000000e+00
1.705705705705705810e+01,-1.951048981935451510e+00,-5.000000000000000000e+00
1.708708708708708812e+01,-1.963373987691273248e+00,-5.000000000000000000e+00
1.711711711711711814e+01,-1.973928550531991455e+00,-5.000000000000000000e+00
1.714714714714714816e+01,-1.982703153039569566e+00,-5.000000000000000000e+00
1.717717717717717818e+01,-1.989689882848386215e+00,-5.000000000000000000e+00
1.720720720720720820e+01,-1.994882439780091277e+00,-5.000000000000000000e+00
1.723723723723723822e+01,-1.998276141524697680e+00,-5.000000000000000000e+00
1.726726726726726824e+01,-1.999867927862783779e+00,-5.000000000000000000e+00
1.729729729729729826e+01,-1.999656363424999306e+00,-5.000000000000000000e+00
1.732732732732732828e+01,-1.997641638986388690e+00,-5.000000000000000000e+00
1.735735735735735830e+01,-1.993825571294362664e+00,-5.000000000000000000e+00
1.738738738738738832e+01,-1.988211601430473596e+00,-5.000000000000000000e+00
1.741741741741741833e+01,-1.980804791707471146e+00,-5.000000000000000000e+00
1.744744744744744835e+01,-1.971611821104439333e+00,-5.000000000000000000e+00
1.747747747747747837e+01,-1.960640979244127058e+00,-5.000000000000000000e+00
1.750750750750750839e+01,-1.947902158917905968e+00,-5.000000000000000000e+00
1.753753753753753841e+01,-1.933406847165094034e+00,-5.000000000000000000e+00
1.756756756756756843e+01,-1.917168114914692412e+00,-5.000000000000000000e+00
1.759759759759759845e+01,-1.899200605198870351e+00,-5.000000000000000000e+00
1.762762762762762847e+01,-1.879520519948833401e+00,-5.000000000000000000e+00
1.765765765765765849e+01,-1.858145605384974308e+00,-5.000000000000000000e+00
1.768768768768768851e+01,-1.835095136014487371e+00,-5.000000000000000000e+00
1.771771771771771853e+01,-1.810389897250871183e+00,-5.000000000000000000e+00
1.774774774774774855e+01,-1.784052166670995865e+00,-5.000000000000000000e+00
1.777777777777777857e+01,-1.756105693926632405e+00,-5.000000000000000000e+00
1.780780780780780859e+01,-1.726575679328564039e+00,-5.000000000000000000e+00
1.783783783783783861e+01,-1.695488751122583571e+00,-5.000000000000000000e+00
1.786786786786786863e+01,-1.662872941477875122e+00,-5.000000000000000000e+00
1.789789789789789864e+01,-1.628757661209427665e+00,-5.000000000000000000e+00
1.792792792792792866e+01,-1.593173673257275214e+00,-5.000000000000000000e+00
1.795795795795795868e+01,-1.556153064946479647e+00,-5.000000000000000000e+00
1.798798798798798870e+01,-1.517729219052868395e+00,-5.000000000000000000e+00
1.801801801801801872e+01,-1.477936783700619650e+00,-5.000000000000000000e+00
1.804804804804804874e+01,-1.436811641118837635e+00,-5.000000000000000000e+00
1.807807807807807876e+01,-1.394390875285294040e+00,-5.000000000000000000e+00
1.810810810810810878e+01,-1.350712738486508968e+00,-5.000000000000000000e+00
1.813813813813813880e+01,-1.305816616824327703e+00,-5.000000000000000000e+00
1.816816816816816882e+01,-1.259742994700097984e+00,-5.000000000000000000e+00
1.819819819819819884e+01,-1.212533418308469280e+00,-5.000000000000000000e+00
1.822822822822822886e+01,-1.164230458173738825e+00,-5.000000000000000000e+00
1.825825825825825888e+01,-1.114877670762522532e+00,-5.000000000000000000e+00
1.828828828828828890e+01,-1.064519559207366850e+00,-5.000000000000000000e+00
1.831831831831831892e+01,-1.013201533176720126e+00,-5.000000000000000000e+00
1.834834834834834894e+01,-9.609698679274473188e-01,-5.000000000000000000e+00
1.837837837837837895e+01,-9.078716625768155080e-01,-5.000000000000000000e+00
1.840840840840840897e+01,-8.539547976315731148e-01,-5.000000000000000000e+00
1.843843843843843899e+01,-7.992678918124250798e-01,-5.000000000000000000e+00
1.846846846846846901e+01,-7.438602582128336360e-01,-5.000000000000000000e+00
1.849849849849849903e+01,-6.877818598316794985e-01,-5.000000000000000000e+00
1.852852852852852905e+01,-6.310832645198796165e-01,-5.000000000000000000e+00
1.855855855855855907e+01,-5.738155993815902134e-01,-5.000000000000000000e+00
1.858858858858858909e+01,-5.160305046711104460e-01,-5.000000000000000000e+00
1.861861861861861911e+01,-4.577800872270608723e-01,-5.000000000000000000e+00
1.864864864864864913e+01,-3.991168734858272504e-01,-5.000000000000000000e+00
1.867867867867867915e+01,-3.400937621166372771e-01,-5.000000000000000000e+00
1.870870870870870917e+01,-2.807639763209829886e-01,-5.000000000000000000e+00
1.873873873873873919e+01,-2.211810158394002801e-01,-5.000000000000000000e+00
1.876876876876876921e+01,-1.613986087088840615e-01,-5.000000000000000000e+00
1.879879879879879923e+01,-1.014706628144402545e-01,-5.000000000000000000e+00
1.882882882882882924e+01,-4.145121727846258486e-02,-5.000000000000000000e+00
1.885885885885885926e+01,1.860560626823191607e-02,-5.000000000000000000e+00
1.888888888888888928e+01,7.864565248976813916e-02,-5.000000000000000000e+00
1.891891891891891930e+01,1.386147811789711914e-01,-5.000000000000000000e+00
1.894894894894894932e+01,1.984589160774826166e-01,-5.000000000000000000e+00
1.897897897897897934e+01,2.581240936382115936e-01,-5.000000000000000000e+00
1.900900900900900936e+01,3.175565116861507886e-01,-5.000000000000000000e+00
1.903903903903903938e+01,3.767025779336767854e-01,-5.000000000000000000e+00
1.906906906906906940e+01,4.355089583065885339e-01,-5.000000000000000000e+00
1.909909909909909942e+01,4.939226250373048854e-01,-5.000000000000000000e+00
1.912912912912912944e+01,5.518909044818552934e-01,-5.000000000000000000e+00
1.915915915915915946e+01,6.093615246175448918e-01,-5.000000000000000000e+00
1.918918918918918948e+01,6.662826621784631032e-01,-5.000000000000000000e+00
1.921921921921921950e+01,7.226029893863332720e-01,-5.000000000000000000e+00
1.924924924924924952e+01,7.782717202345633689e-01,5.000000000000000000e+00
1.927927927927927954e+01,8.332386562837624799e-01,5.000000000000000000e+00
1.930930930930930955e+01,8.874542319274268953e-01,5.000000000000000000e+00
1.933933933933933957e+01,9.408695590869795566e-01,5.000000000000000000e+00
1.936936936936936959e+01,9.934364712958582144e-01,5.000000000000000000e+00
1.939939939939939961e+01,1.045107567132900650e+00,5.000000000000000000e+00
1.942942942942942963e+01,1.095836252965862734e+00,5.000000000000000000e+00
1.945945945945945965e+01,1.145576784966523931e+00,5.000000000000000000e+00
1.948948948948948967e+01,1.194284310359495560e+00,5.000000000000000000e+00
1.951951951951951969e+01,1.241914907867535334e+00,5.000000000000000000e+00
1.954954954954954971e+01,1.288425627316896360e+00,5.000000000000000000e+00
1.957957957957957973e+01,1.333774528367001277e+00,5.000000000000000000e+00
1.960960960960960975e+01,1.377920718329511018e+00,5.000000000000000000e+00
1.963963963963963977e+01,1.420824389042690372e+00,5.000000000000000000e+00
1.966966966966966979e+01,1.462446852767819161e+00,5.000000000000000000e+00
1.969969969969969981e+01,1.502750577075277150e+00,5.000000000000000000e+00
1.972972972972972983e+01,1.541699218688846962e+00,5.000000000000000000e+00
1.975975975975975985e+01,1.579257656257716524e+00,5.000000000000000000e+00
1.978978978978978986e+01,1.615392022026626906e+00,5.000000000000000000e+00
1.981981981981981988e+01,1.650069732375611720e+00,5.000000000000000000e+00
1.984984984984984990e+01,1.683259517201784572e+00,5.000000000000000000e+00
1.987987987987987992e+01,1.714931448116683743e+00,5.000000000000000000e+00
1.990990990990990994e+01,1.745056965433745333e+00,5.000000000000000000e+00
1.993993993993993996e+01,1.773608903921570779e+00,5.000000000000000000e+00
1.996996996996996998e+01,1.800561517299764880e+00,5.000000000000000000e+00
2.000000000000000000e+01,1.825890501455255333e+00,5.000000000000000000e+00
2.003003003003003002e+01,1.849573016358162292e+00,5.000000000000000000e+00
2.006006006006006004e+01,1.871587706657450001e+00,5.000000000000000000e+00
2.009009009009009006e+01,1.891914720937793115e+00,5.000000000000000000e+00
2.012012012012012008e+01,1.910535729620291390e+00,5.000000000000000000e+00
2.015015015015015010e+01,1.927433941490891645e+00,5.000000000000000000e+00
2.018018018018018012e+01,1.942594118841611595e+00,5.000000000000000000e+00
2.021021021021021014e+01,1.956002591210914021e+00,5.000000000000000000e+00
2.024024024024024015e+01,1.967647267710838754e+00,5.000000000000000000e+00
2.027027027027027017e+01,1.977517647929779576e+00,5.000000000000000000e+00
2.030030030030030019e+01,1.985604831401071912e+00,5.000000000000000000e+00
2.033033033033033021e+01,1.991901525628853697e+00,5.000000000000000000e+00
2.036036036036036023e+01,1.996402052663965421e+00,5.000000000000000000e+00
2.039039039039039025e+01,1.999102354223953659e+00,5.000000000000000000e+00
2.042042042042042027e+01,1.999999995352566673e+00,5.000000000000000000e+00
2.045045045045045029e+01,1.999094166615439816e+00,5.000000000000000000e+00
2.048048048048048031e+01,1.996385684829990348e+00,5.000000000000000000e+00
2.051051051051051033e+01,1.991876992328865059e+00,5.000000000000000000e+00
2.054054054054054035e+01,1.985572154757603291e+00,5.000000000000000000e+00
2.057057057057057037e+01,1.977476857408502209e+00,5.000000000000000000e+00
2.060060060060060039e+01,1.967598400093990341e+00,5.000000000000000000e+00
2.063063063063063041e+01,1.955945690564132144e+00,5.000000000000000000e+00
2.066066066066066043e+01,1.942529236474197285e+00,5.000000000000000000e+00
2.069069069069069045e+01,1.927361135909541945e+00,5.000000000000000000e+00
2.072072072072072046e+01,1.910455066476342889e+00,5.000000000000000000e+00
2.075075075075075048e+01,1.891826272968020417e+00,5.000000000000000000e+00
2.078078078078078050e+01,1.871491553618477521e+00,5.000000000000000000e+00
2.081081081081081052e+01,1.849469244954544234e+00,5.000000000000000000e+00
2.084084084084084054e+01,1.825779205261291560e+00,5.000000000000000000e+00
2.087087087087087056e+01,1.800442796675121748e+00,5.000000000000000000e+00
2.090090090090090058e+01,1.773482865920783080e+00,5.000000000000000000e+00
2.093093093093093060e+01,1.744923723709681296e+00,5.000000000000000000e+00
2.096096096096096062e+01,1.714791122818060787e+00,5.000000000000000000e+00
2.099099099099099064e+01,1.683112234864826862e+00,5.000000000000000000e+00
2.102102102102102066e+01,1.649915625809947883e+00,5.000000000000000000e+00
2.105105105105105068e+01,1.615231230195530721e+00,5.000000000000000000e+00
2.108108108108108070e+01,1.579090324152799374e+00,5.000000000000000000e+00
2.111111111111111072e+01,1.541525497199313754e+00,5.000000000000000000e+00
2.114114114114114074e+01,1.502570622851863602e+00,5.000000000000000000e+00
2.117117117117117076e+01,1.462260828081535458e+00,5.000000000000000000e+00
2.120120120120120077e+01,1.420632461638494881e+00,5.000000000000000000e+00
2.123123123123123079e+01,1.377723061275049066e+00,5.000000000000000000e+00
2.126126126126126081e+01,1.333571319896544205e+00,5.000000000000000000e+00
2.129129129129129083e+01,1.288217050670620756e+00,5.000000000000000000e+00
2.132132132132132085e+01,1.241701151126289648e+00,5.000000000000000000e+00
2.135135135135135087e+01,1.194065566275201329e+00,5.000000000000000000e+00
2.138138138138138089e+01,1.145353250788363697e+00,5.000000000000000000e+00
2.141141141141141091e+01,1.095608130262413882e+00,5.000000000000000000e+00
2.144144144144144093e+01,1.044875061610374578e+00,5.000000000000000000e+00
2.147147147147147095e+01,9.931997926126070464e-01,5.000000000000000000e+00
2.150150150150150097e+01,9.406289206644404821e-01,5.000000000000000000e+00
2.153153153153153099e+01,8.872098507576721138e-01,5.000000000000000000e+00
2.156156156156156101e+01,8.329907527338301643e-01,5.000000000000000000e+00
2.159159159159159103e+01,7.780205178477450634e-01,5.000000000000000000e+00
2.162162162162162105e+01,7.223487146805968040e-01,5.000000000000000000e+00
2.165165165165165106e+01,6.660255444421937510e-01,5.000000000000000000e+00
2.168168168168168108e+01,6.091017957027879959e-01,5.000000000000000000e+00
2.171171171171171110e+01,5.516287985952468276e-01,5.000000000000000000e+00
2.174174174174174112e+01,4.936583785288793935e-01,5.000000000000000000e+00
2.177177177177177114e+01,4.352428094566541672e-01,5.000000000000000000e+00
2.180180180180180116e+01,3.764347667379494000e-01,5.000000000000000000e+00
2.183183183183183118e+01,3.172872796393415018e-01,5.000000000000000000e+00
2.186186186186186120e+01,2.578536835162627550e-01,5.000000000000000000e+00
2.189189189189189122e+01,1.981875717186478425e-01,5.000000000000000000e+00
2.192192192192192124e+01,1.383427472639383315e-01,5.000000000000000000e+00
2.195195195195195126e+01,7.837317432102181014e-02,5.000000000000000000e+00
2.198198198198198128e+01,1.833292954885592033e-02,5.000000000000000000e+00
2.201201201201201130e+01,-4.172384666634443295e-02,5.000000000000000000e+00
2.204204204204204132e+01,-1.017429990313846178e-01,5.000000000000000000e+00
2.207207207207207134e+01,-1.616704061798100445e-01,5.000000000000000000e+00
2.210210210210210136e+01,-2.214520294750331186e-01,5.000000000000000000e+00
2.213213213213213137e+01,-2.810339617388595834e-01,5.000000000000000000e+00
2.216216216216216139e+01,-3.403624758614743895e-01,5.000000000000000000e+00
2.219219219219219141e+01,-3.993840732490536727e-01,5.000000000000000000e+00
2.222222222222222143e+01,-4.580455320653155082e-01,5.000000000000000000e+00
2.225225225225225145e+01,-5.162939552235092933e-01,5.000000000000000000e+00
2.228228228228228147e+01,-5.740768180855665426e-01,5.000000000000000000e+00
2.231231231231231149e+01,-6.313420158254023917e-01,5.000000000000000000e+00
2.234234234234234151e+01,-6.880379104136570279e-01,5.000000000000000000e+00
2.237237237237237153e+01,-7.441133771815111597e-01,5.000000000000000000e+00
2.240240240240240155e+01,-7.995178509215856710e-01,-5.000000000000000000e+00
2.243243243243243157e+01,-8.542013714843558203e-01,-5.000000000000000000e+00
2.246246246246246159e+01,-9.081146288289632107e-01,-5.000000000000000000e+00
2.249249249249249161e+01,-9.612090074878024692e-01,-5.000000000000000000e+00
2.252252252252252163e+01,-1.013436630404786598e+00,-5.000000000000000000e+00
2.255255255255255165e+01,-1.064750402107761396e+00,-5.000000000000000000e+00
2.258258258258258167e+01,-1.115104051176137201e+00,-5.000000000000000000e+00
2.261261261261261168e+01,-1.164452171965445926e+00,-5.000000000000000000e+00
2.264264264264264170e+01,-1.212750265551197248e+00,-5.000000000000000000e+00
2.267267267267267172e+01,-1.259954779855112728e+00,-5.000000000000000000e+00
2.270270270270270174e+01,-1.306023148917556220e+00,-5.000000000000000000e+00
2.273273273273273176e+01,-1.350913831280747379e+00,-5.000000000000000000e+00
2.276276276276276178e+01,-1.394586347448144803e+00,-5.000000000000000000e+00
2.279279279279279180e+01,-1.437001316386222749e+00,-5.000000000000000000e+00
2.282282282282282182e+01,-1.478120491035723960e+00,-5.000000000000000000e+00
2.285285285285285184e+01,-1.517906792800370219e+00,-5.000000000000000000e+00
2.288288288288288186e+01,-1.556324344981927066e+00,-5.000000000000000000e+00
2.291291291291291188e+01,-1.593338505131477012e+00,-5.000000000000000000e+00
2.294294294294294190e+01,-1.628915896287724152e+00,-5.000000000000000000e+00
2.297297297297297192e+01,-1.663024437074168693e+00,-5.000000000000000000e+00
2.300300300300300194e+01,-1.695633370628002012e+00,-5.000000000000000000e+00
2.303303303303303196e+01,-1.726713292334647321e+00,-5.000000000000000000e+00
2.306306306306306197e+01,-1.756236176342925503e+00,-5.000000000000000000e+00
2.309309309309309199e+01,-1.784175400836945258e+00,-5.000000000000000000e+00
2.312312312312312201e+01,-1.810505772041924866e+00,-5.000000000000000000e+00
2.315315315315315203e+01,-1.835203546942297592e+00,-5.000000000000000000e+00
2.318318318318318205e+01,-1.858246454691620420e+00,-5.000000000000000000e+00
2.321321321321321207e+01,-1.879613716694972236e+00,-5.000000000000000000e+00
2.324324324324324209e+01,-1.899286065345740404e+00,-5.000000000000000000e+00
2.327327327327327211e+01,-1.917245761399893222e+00,-5.000000000000000000e+00
2.330330330330330213e+01,-1.933476609972077709e+00,-5.000000000000000000e+00
2.333333333333333215e+01,-1.947963975139112236e+00,-5.000000000000000000e+00
2.336336336336336217e+01,-1.960694793137709668e+00,-5.000000000000000000e+00
2.339339339339339219e+01,-1.971657584144530517e+00,-5.000000000000000000e+00
2.342342342342342221e+01,-1.980842462627938616e+00,-5.000000000000000000e+00
2.345345345345345223e+01,-1.988241146262132553e+00,-5.000000000000000000e+00
2.348348348348348225e+01,-1.993846963395606409e+00,-5.000000000000000000e+00
2.351351351351351227e+01,-1.997654859067212074e+00,-5.000000000000000000e+00
2.354354354354354228e+01,-1.999661399564393482e+00,-5.000000000000000000e+00
2.357357357357357230e+01,-1.999864775519486049e+00,-5.000000000000000000e+00
2.360360360360360232e+01,-1.998264803541286216e+00,-5.000000000000000000e+00
2.363363363363363234e+01,-1.994862926380421619e+00,-5.000000000000000000e+00
2.366366366366366236e+01,-1.989662211628372646e+00,-5.000000000000000000e+00
2.369369369369369238e+01,-1.982667348951317798e+00,-5.000000000000000000e+00
2.372372372372372240e+01,-1.973884645861298859e+00,-5.000000000000000000e+00
2.375375375375375242e+01,-1.963322022028514802e+00,-5.000000000000000000e+00
2.378378378378378244e+01,-1.950989002139881023e+00,-5.000000000000000000e+00
2.381381381381381246e+01,-1.936896707310284738e+00,-5.000000000000000000e+00
2.384384384384384248e+01,-1.921057845054287450e+00,-5.000000000000000000e+00
2.387387387387387250e+01,-1.903486697827315499e+00,-5.000000000000000000e+00
2.390390390390390252e+01,-1.884199110146670852e+00,-5.000000000000000000e+00
2.393393393393393254e+01,-1.863212474303976407e+00,-5.000000000000000000e+00
2.396396396396396256e+01,-1.840545714681938838e+00,-5.000000000000000000e+00
2.399399399399399258e+01,-1.816219270689571896e+00,-5.000000000000000000e+00
2.402402402402402259e+01,-1.790255078331266958e+00,-5.000000000000000000e+00
2.405405405405405261e+01,-1.762676550426331756e+00,-5.000000000000000000e+00
2.408408408408408263e+01,-1.733508555496832804e+00,-5.000000000000000000e+00
2.411411411411411265e+01,-1.702777395342781386e+00,-5.000000000000000000e+00
2.414414414414414267e+01,-1.670510781324879845e+00,-5.000000000000000000e+00
2.417417417417417269e+01,-1.636737809376221708e+00,-5.000000000000000000e+00
2.420420420420420271e+01,-1.601488933765470302e+00,-5.000000000000000000e+00
2.423423423423423273e+01,-1.564795939635182265e+00,-5.000000000000000000e+00
2.426426426426426275e+01,-1.526691914340033041e+00,-5.000000000000000000e+00
2.429429429429429277e+01,-1.487211217610794778e+00,-5.000000000000000000e+00
2.432432432432432279e+01,-1.446389450570964241e+00,-5.000000000000000000e+00
2.435435435435435281e+01,-1.404263423633988817e+00,-5.000000000000000000e+00
2.438438438438438283e+01,-1.360871123310028352e+00,-5.000000000000000000e+00
2.441441441441441285e+01,-1.316251677952193999e+00,-5.000000000000000000e+00
2.444444444444444287e+01,-1.270445322473143346e+00,-5.000000000000000000e+00
2.447447447447447288e+01,-1.223493362063855505e+00,-5.000000000000000000e+00
2.450450450450450290e+01,-1.175438134947296431e+00,-5.000000000000000000e+00
2.453453453453453292e+01,-1.126322974200564708e+00,-5.000000000000000000e+00
2.456456456456456294e+01,-1.076192168679942496e+00,-5.000000000000000000e+00
2.459459459459459296e+01,-1.025090923084085448e+00,-5.000000000000000000e+00
2.462462462462462298e+01,-9.730653171913677957e-01,-5.000000000000000000e+00
2.465465465465465300e+01,-9.201622643081354136e-01,-5.000000000000000000e+00
2.468468468468468302e+01,-8.664294689653396775e-01,-5.000000000000000000e+00
2.471471471471471304e+01,-8.119153839016943763e-01,-5.000000000000000000e+00
2.474474474474474306e+01,-7.566691663721492045e-01,-5.000000000000000000e+00
2.477477477477477308e+01,-7.007406338210752095e-01,-5.000000000000000000e+00
2.480480480480480310e+01,-6.441802189601349982e-01,-5.000000000000000000e+00
2.483483483483483312e+01,-5.870389242913448546e-01,-5.000000000000000000e+00
2.486486486486486314e+01,-5.293682761163366335e-01,-5.000000000000000000e+00
2.489489489489489316e+01,-4.712202780732920315e-01,-5.000000000000000000e+00
2.492492492492492318e+01,-4.126473642434446698e-01,-5.000000000000000000e+00
2.495495495495495319e+01,-3.537023518694376589e-01,-5.000000000000000000e+00
2.498498498498498321e+01,-2.944383937281705443e-01,-5.000000000000000000e+00
2.501501501501501323e+01,-2.349089302010836655e-01,-5.000000000000000000e+00
2.504504504504504325e+01,-1.751676410850991628e-01,-5.000000000000000000e+00
2.507507507507507327e+01,-1.152683971876727470e-01,-5.000000000000000000e+00
2.510510510510510329e+01,-5.526521174960475485e-02,-5.000000000000000000e+00
2.513513513513513331e+01,4.787808260586115354e-03,-5.000000000000000000e+00
2.516516516516516333e+01,6.483651093680649347e-02,-5.000000000000000000e+00
2.519519519519519335e+01,1.248267482660539024e-01,-5.000000000000000000e+00
2.522522522522522337e+01,1.847044249555716833e-01,-5.000000000000000000e+00
2.525525525525525339e+01,2.444155472124643347e-01,-5.000000000000000000e+00
2.528528528528528341e+01,3.039062714317868896e-01,-5.000000000000000000e+00
2.531531531531531343e+01,3.631229527492043085e-01,-5.000000000000000000e+00
2.534534534534534345e+01,4.220121934144400178e-01,-5.000000000000000000e+00
2.537537537537537347e+01,4.805208909418925978e-01,-5.000000000000000000e+00
2.540540540540540349e+01,5.385962859950021997e-01,-5.000000000000000000e+00
2.543543543543543350e+01,5.961860099611875352e-01,-5.000000000000000000e+00
2.546546546546546352e+01,6.532381321744532565e-01,-5.000000000000000000e+00
2.549549549549549354e+01,7.097012067430858995e-01,-5.000000000000000000e+00
2.552552552552552356e+01,7.655243189402112236e-01,5.000000000000000000e+00
2.555555555555555358e+01,8.206571311153825210e-01,5.000000000000000000e+00
2.558558558558558360e+01,8.750499280857987339e-01,5.000000000000000000e+00
2.561561561561561362e+01,9.286536619662211223e-01,5.000000000000000000e+00
2.564564564564564719e+01,9.814199963971713681e-01,5.000000000000000000e+00
2.567567567567567721e+01,1.033301350131490270e+00,5.000000000000000000e+00
2.570570570570570723e+01,1.084250939940048841e+00,5.000000000000000000e+00
2.573573573573573725e+01,1.134222822797794628e+00,5.000000000000000000e+00
2.576576576576576727e+01,1.183171937312188504e+00,5.000000000000000000e+00
2.579579579579579729e+01,1.231054144356637625e+00,5.000000000000000000e+00
2.582582582582582731e+01,1.277826266872286398e+00,5.000000000000000000e+00
2.585585585585585733e+01,1.323446128802280075e+00,5.000000000000000000e+00
2.588588588588588735e+01,1.367872593123388159e+00,5.000000000000000000e+00
2.591591591591591737e+01,1.411065598940695276e+00,5.000000000000000000e+00
2.594594594594594739e+01,1.452986197611909835e+00,5.000000000000000000e+00
2.597597597597597741e+01,1.493596587868715408e+00,5.000000000000000000e+00
2.600600600600600742e+01,1.532860149903494618e+00,5.000000000000000000e+00
2.603603603603603744e+01,1.570741478390689894e+00,5.000000000000000000e+00
2.606606606606606746e+01,1.607206414413020923e+00,5.000000000000000000e+00
2.609609609609609748e+01,1.642222076263775588e+00,5.000000000000000000e+00
2.612612612612612750e+01,1.675756889097391955e+00,5.000000000000000000e+00
2.615615615615615752e+01,1.707780613401600256e+00,5.000000000000000000e+00
2.618618618618618754e+01,1.738264372265448054e+00,5.000000000000000000e+00
2.621621621621621756e+01,1.767180677418618506e+00,5.000000000000000000e+00
2.624624624624624758e+01,1.794503454018564703e+00,5.000000000000000000e+00
2.627627627627627760e+01,1.820208064163106654e+00,5.000000000000000000e+00
2.630630630630630762e+01,1.844271329107287194e+00,5.000000000000000000e+00
2.633633633633633764e+01,1.866671550164456628e+00,5.000000000000000000e+00
2.636636636636636766e+01,1.887388528272736954e+00,5.000000000000000000e+00
2.639639639639639768e+01,1.906403582209220904e+00,5.000000000000000000e+00
2.642642642642642770e+01,1.923699565435484038e+00,5.000000000000000000e+00
2.645645645645645772e+01,1.939260881559216276e+00,5.000000000000000000e+00
2.648648648648648773e+01,1.953073498398034902e+00,5.000000000000000000e+00
2.651651651651651775e+01,1.965124960632792961e+00,5.000000000000000000e+00
2.654654654654654777e+01,1.975404401038976410e+00,5.000000000000000000e+00
2.657657657657657779e+01,1.983902550286058553e+00,5.000000000000000000e+00
2.660660660660660781e+01,1.990611745295981061e+00,5.000000000000000000e+00
2.663663663663663783e+01,1.995525936153218050e+00,5.000000000000000000e+00
2.666666666666666785e+01,1.998640691560195970e+00,5.000000000000000000e+00
2.669669669669669787e+01,1.999953202833151034e+00,5.000000000000000000e+00
2.672672672672672789e+01,1.999462286434815717e+00,5.000000000000000000e+00
2.675675675675675791e+01,1.997168385041656613e+00,5.000000000000000000e+00
2.678678678678678793e+01,1.993073567144697078e+00,5.000000000000000000e+00
2.681681681681681795e+01,1.987181525184287034e+00,5.000000000000000000e+00
2.684684684684684797e+01,1.979497572220501045e+00,5.000000000000000000e+00
2.687687687687687799e+01,1.970028637142164474e+00,5.000000000000000000e+00
2.690690690690690801e+01,1.958783258418834938e+00,5.000000000000000000e+00
2.693693693693693803e+01,1.945771576401363889e+00,5.000000000000000000e+00
2.696696696696696804e+01,1.931005324177989202e+00,5.000000000000000000e+00
2.699699699699699806e+01,1.914497816994199075e+00,5.000000000000000000e+00
2.702702702702702808e+01,1.896263940245910495e+00,5.000000000000000000e+00
2.705705705705705810e+01,1.876320136056787380e+00,5.000000000000000000e+00
2.708708708708708812e+01,1.854684388451802723e+00,5.000000000000000000e+00
2.711711711711711814e+01,1.831376207140416490e+00,5.000000000000000000e+00
2.714714714714714816e+01,1.806416609923987560e+00,5.000000000000000000e+00
2.717717717717717818e+01,1.779828103743288370e+00,5.000000000000000000e+00
2.720720720720720820e+01,1.751634664383210804e+00,5.000000000000000000e+00
2.723723723723723822e+01,1.721861714852962688e+00,5.000000000000000000e+00
2.726726726726726824e+01,1.690536102461252410e+00,5.000000000000000000e+00
2.729729729729729826e+01,1.657686074607132909e+00,5.000000000000000000e+00
2.732732732732732828e+01,1.623341253308334231e+00,5.000000000000000000e+00
2.735735735735735830e+01,1.587532608490057395e+00,5.000000000000000000e+00
2.738738738738738832e+01,1.550292430058308302e+00,5.000000000000000000e+00
2.741741741741741833e+01,1.511654298782963313e+00,5.000000000000000000e+00
2.744744744744744835e+01,1.471653056016815286e+00,5.000000000000000000e+00
2.747747747747747837e+01,1.430324772277908663e+00,5.000000000000000000e+00
2.750750750750750839e+01,1.387706714723492496e+00,5.000000000000000000e+00
2.753753753753753841e+01,1.343837313544924195e+00,5.000000000000000000e+00
2.756756756756756843e+01,1.298756127313822617e+00,5.000000000000000000e+00
2.759759759759759845e+01,1.252503807310721751e+00,5.000000000000000000e+00
2.762762762762762847e+01,1.205122060868391909e+00,5.000000000000000000e+00
2.765765765765765849e+01,1.156653613762879562e+00,5.000000000000000000e+00
2.768768768768768851e+01,1.107142171686183341e+00,5.000000000000000000e+00
2.771771771771771853e+01,1.056632380835304419e+00,5.000000000000000000e+00
2.774774774774774855e+01,1.005169787653210633e+00,5.000000000000000000e+00
2.777777777777777857e+01,9.528007977580184029e-01,5.000000000000000000e+00
2.780780780780780859e+01,8.995726340974249391e-01,5.000000000000000000e+00
2.783783783783783861e+01,8.455332943661268974e-01,5.000000000000000000e+00
2.786786786786786863e+01,7.907315077246227508e-01,5.000000000000000000e+00
2.789789789789789864e+01,7.352166908584254479e-01,5.000000000000000000e+00
2.792792792792792866e+01,6.790389034173115457e-01,5.000000000000000000e+00
2.795795795795795868e+01,6.222488028747856781e-01,5.000000000000000000e+00
2.798798798798798870e+01,5.648975988484673527e-01,5.000000000000000000e+00
2.801801801801801872e+01,5.070370069225892395e-01,5.000000000000000000e+00
2.804804804804804874e+01,4.487192020142488635e-01,5.000000000000000000e+00
2.807807807807807876e+01,3.899967713254624546e-01,5.000000000000000000e+00
2.810810810810810878e+01,3.309226669234481832e-01,5.000000000000000000e+00
2.813813813813813880e+01,2.715501579918971897e-01,5.000000000000000000e+00
2.816816816816816882e+01,2.119327827962895205e-01,5.000000000000000000e+00
2.819819819819819884e+01,1.521243004065700177e-01,5.000000000000000000e+00
2.822822822822822886e+01,9.217864222071675551e-02,5.000000000000000000e+00
2.825825825825825888e+01,3.214986333291540432e-02,5.000000000000000000e+00
2.828828828828828890e+01,-2.790790620980759112e-02,5.000000000000000000e+00
2.831831831831831892e+01,-8.794051021853947769e-02,5.000000000000000000e+00
2.834834834834834894e+01,-1.478938151970086157e-01,5.000000000000000000e+00
2.837837837837837895e+01,-2.077137591556493246e-01,5.000000000000000000e+00
2.840840840840840897e+01,-2.673464003611863982e-01,5.000000000000000000e+00
2.843843843843843899e+01,-3.267379659777805978e-01,5.000000000000000000e+00
2.846846846846846901e+01,-3.858349005558731060e-01,5.000000000000000000e+00
2.849849849849849903e+01,-4.445839143250054915e-01,5.000000000000000000e+00
2.852852852852852905e+01,-5.029320312470674237e-01,5.000000000000000000e+00
2.855855855855855907e+01,-5.608266367866407975e-01,5.000000000000000000e+00
2.858858858858858909e+01,-6.182155253553646146e-01,5.000000000000000000e+00
2.861861861861861911e+01,-6.750469473875374549e-01,5.000000000000000000e+00
2.864864864864864913e+01,-7.312696560045093275e-01,5.000000000000000000e+00
2.867867867867867915e+01,-7.868329532257818393e-01,-5.000000000000000000e+00
2.870870870870870917e+01,-8.416867356851487347e-01,-5.000000000000000000e+00
2.873873873873873919e+01,-8.957815398106514504e-01,-5.000000000000000000e+00
2.876876876876876921e+01,-9.490685864276098282e-01,-5.000000000000000000e+00
2.879879879879879923e+01,-1.001499824744508382e+00,-5.000000000000000000e+00
2.882882882882882924e+01,-1.053027975682073070e+00,-5.000000000000000000e+00
2.885885885885885926e+01,-1.103606574506469595e+00,-5.000000000000000000e+00
2.888888888888888928e+01,-1.153190012728176006e+00,-5.000000000000000000e+00
2.891891891891891930e+01,-1.201733579228752458e+00,-5.000000000000000000e+00
2.894894894894894932e+01,-1.249193500578417382e+00,-5.000000000000000000e+00
2.897897897897897934e+01,-1.295526980508079129e+00,-5.000000000000000000e+00
2.900900900900900936e+01,-1.340692238500226674e+00,-5.000000000000000000e+00
2.903903903903903938e+01,-1.384648547463881663e+00,-5.000000000000000000e+00
2.906906906906906940e+01,-1.427356270459639642e+00,-5.000000000000000000e+00
2.909909909909909942e+01,-1.468776896441682300e+00,-5.000000000000000000e+00
2.912912912912912944e+01,-1.508873074984533602e+00,-5.000000000000000000e+00
2.915915915915915946e+01,-1.547608649963242655e+00,-5.000000000000000000e+00
2.918918918918918948e+01,-1.584948692156625372e+00,-5.000000000000000000e+00
2.921921921921921950e+01,-1.620859530744163113e+00,-5.000000000000000000e+00
2.924924924924924952e+01,-1.655308783668157036e+00,-5.000000000000000000e+00
2.927927927927927954e+01,-1.688265386833762705e+00,-5.000000000000000000e+00
2.930930930930930955e+01,-1.719699622120567373e+00,-5.000000000000000000e+00
2.933933933933933957e+01,-1.749583144180459460e+00,-5.000000000000000000e+00
2.936936936936936959e+01,-1.777889005997617566e+00,-5.000000000000000000e+00
2.939939939939939961e+01,-1.804591683187576789e+00,-5.000000000000000000e+00
2.942942942942942963e+01,-1.829667097013458088e+00,-5.000000000000000000e+00
2.945945945945945965e+01,-1.853092636098605750e+00,-5.000000000000000000e+00
2.948948948948948967e+01,-1.874847176816056171e+00,-5.000000000000000000e+00
2.951951951951951969e+01,-1.894911102336450659e+00,-5.000000000000000000e+00
2.954954954954954971e+01,-1.913266320317214664e+00,-5.000000000000000000e+00
2.957957957957957973e+01,-1.929896279217055977e+00,-5.000000000000000000e+00
2.960960960960960975e+01,-1.944785983221067882e+00,-5.000000000000000000e+00
2.963963963963963977e+01,-1.957922005762978257e+00,-5.000000000000000000e+00
2.966966966966966979e+01,-1.969292501632355030e+00,-5.000000000000000000e+00
2.969969969969969981e+01,-1.978887217655844522e+00,-5.000000000000000000e+00
2.972972972972972983e+01,-1.986697501942817690e+00,-5.000000000000000000e+00
2.975975975975975985e+01,-1.992716311687080522e+00,-5.000000000000000000e+00
2.978978978978978986e+01,-1.996938219517619739e+00,-5.000000000000000000e+00
2.981981981981981988e+01,-1.999359418392652632e+00,-5.000000000000000000e+00
2.984984984984984990e+01,-1.999977725032568987e+00,-5.000000000000000000e+00
2.987987987987987992e+01,-1.998792581888670927e+00,-5.000000000000000000e+00
2.990990990990990994e+01,-1.995805057645934522e+00,-5.000000000000000000e+00
2.993993993993993996e+01,-1.991017846259338198e+00,-5.000000000000000000e+00
2.996996996996996998e+01,-1.984435264524630371e+00,-5.000000000000000000e+00
3.000000000000000000e+01,-1.976063248185723653e+00,-5.000000000000000000e+00
